{
  "timestamp": "2026-06-02T13:00:30.254428+02:00",
  "sample_size": 10,
  "providers": [
    {
      "provider": "anthropic",
      "mean_f1": 0.1530296775807612,
      "mean_type_correctness": 1.0,
      "schema_validity_rate": 1.0,
      "total_tokens": 8741,
      "estimated_cost": 0.016117,
      "p50_latency_ms": 5948.2115,
      "p95_latency_ms": 9618.323916,
      "error_count": 0,
      "total_calls": 10
    },
    {
      "provider": "gemini",
      "mean_f1": 0.20854737694396136,
      "mean_type_correctness": 0.7,
      "schema_validity_rate": 1.0,
      "total_tokens": 23070,
      "estimated_cost": 0.00316977,
      "p50_latency_ms": 16270.585000000001,
      "p95_latency_ms": 29014.103375000002,
      "error_count": 0,
      "total_calls": 10
    },
    {
      "provider": "openai",
      "mean_f1": 0.17186274509803923,
      "mean_type_correctness": 1.0,
      "schema_validity_rate": 1.0,
      "total_tokens": 4723,
      "estimated_cost": 0.0011696999999999999,
      "p50_latency_ms": 6001.81775,
      "p95_latency_ms": 9206.339082999999,
      "error_count": 0,
      "total_calls": 10
    }
  ]
}
